{
    "botName": "Tex",
    "ownerName": "xazion developer",
    "Vinzapi": "apivinz",
    "Apiarugaz": "",
    "TyroApi": "tyroTeam",
    "zeksapi": "apivinz",
    "lolhuman": "pJ6xKSMPCT8QMcvBzGFY",
    "apivhtear": "c1d162b46e634f389efa1ac715f03d03",
    "tobzapi": "BotWeA",
    "XteamKey": "apikey nya bisa di dapat dari xteam.xyz",                
    "ownerNumber": "nomerwakamu@s.whatsapp.net",
    "botPrefix": "!",
    "Glimit": "10",
    "sinkeys": "Bot Tex",
    "Ulimit": "10",
    "nameo": "xazion Tyro Including",
    "CrTyro": "Tyro including"
}
